,AFP,F2,CEACAM5,TP53,CD8A,ASPM,CCNB1,CDK1,DLGAP5,KIF20A,MT1X,TOP2A,SOCS2,AKR1C3,PTEN,FAM83D,CDC20,AOX1,CYP2E1,LAMC1,UBE4B,HSPH1,HNF1A,SF3B1,APC2,CHST4,HGF,MTHFD2,AGO3,PRC1,UBE2C,NUSAP1,IRF9,PFKFB3,DTX3L,UTP15,ALG5,labels
GSM4043276_HCC004_HTA_2_0.CEL,3.35166534549756,10.1415416626008,4.69679927399275,6.99969669883978,6.13680629787654,4.11010981277395,4.77899872796324,3.26073596538053,3.78103236198439,4.48676044274722,10.1318643589529,4.14878914229364,5.80428668756546,6.59939668536005,7.5998293201256,6.07812804302512,5.88642263122747,10.7574993905406,11.467396171423,7.09405163461344,7.07765258642389,7.05074688818081,6.97964635466538,8.63878459441056,6.25035100509975,5.13479131866573,6.32273395107144,4.85407982965216,6.41985212437058,5.03851422174875,5.75467930628046,4.85876065091075,6.76366522785422,6.65283727120488,7.37612315248406,5.42149062026552,5.79635518305526,cancer
GSM4043277_HCC011_HTA_2_0.CEL,10.1451407679149,9.4234819881889,4.21327016134979,6.65093845505965,6.49570753696463,7.79633085027869,6.65926725637567,5.25814719870037,6.17633415899608,6.40712939138256,8.34137852684721,7.52365841134268,5.45768574901405,7.56108290185577,7.76530627603461,6.50427037058272,6.35539548367763,7.41725213024001,11.0462553322379,8.39364327371621,6.58290531452321,7.03194956356926,6.91325696579441,8.53970976581918,6.04929961062939,4.9108494574993,4.71206501413089,6.37674690328185,6.34717601181271,7.15308156872727,6.46516095358403,7.58789181911398,7.13817382606245,7.09819686197791,8.48216168263057,5.54514357611123,5.74730064127643,cancer
GSM4043278_HCC013_HTA_2_0.CEL,8.57256468655445,9.75212083148818,4.37365961109432,7.20683536149122,6.02192830371894,7.11744328234555,6.20711177199387,4.65726877848612,5.34312675577057,5.97988817599588,6.46323025816191,7.19419398019799,5.70589488838036,7.71709258935767,7.6422592879575,6.34465043322373,6.5986874256434,9.7623369190314,11.3847860705038,9.38094889910758,5.11027533218919,6.98439275024897,7.09285579484237,8.84297124464557,6.21762903374453,5.0098068180905,4.95755364082484,5.38186957522632,6.2802485827254,6.80773338917281,6.37154280840198,6.74756427262594,7.10342004436163,6.56989202746982,7.32037533286487,5.53653235284381,5.56062285930444,cancer
GSM4043279_HCC015_HTA_2_0.CEL,6.1988323600252,9.95074560123552,4.3355826985258,7.57871399913567,6.02786758180032,5.90512081487173,5.0521326340668,3.85474186091548,4.28399663010607,4.94279102449468,9.03657285651555,5.28347440237693,5.96830520362511,7.13319303443165,7.75376974707242,5.4276774576301,5.95370411646734,9.4385068426325,10.4662733330686,8.02042318824658,6.6586441869023,7.30741700351562,6.88493858921789,8.71193074260838,5.94640834901746,4.96175117395426,5.80635453267716,5.35554015977407,6.57847347453437,5.9333800328874,5.96753376381279,6.28142937690046,6.76275325133679,7.91158723955109,8.18409456837644,5.92416329685433,6.17977624640811,cancer
GSM4043280_HCC016_HTA_2_0.CEL,3.36613097714893,9.83894617543816,4.56138075048429,7.25074906489037,6.43350922179328,4.90164505795984,5.07097325028363,3.63100819726936,4.39641740067021,4.91759150202765,9.58130101595649,5.28666748737401,6.29222148326203,7.44933250062768,7.68003738309634,5.70374719779429,6.09376913350355,10.2214657438796,11.3945736819277,7.3841517102565,7.1870313698536,7.12886516922371,6.75414955842647,8.70440709746322,6.17417646919708,5.200598853509,5.91316584291476,5.30551559334338,6.60813266411702,5.56439087666576,5.94262710483616,5.76177796111587,6.79794977395416,7.51621503276695,7.65981146071979,5.2869947031796,5.72788010404022,cancer
GSM4043281_HCC025_HTA_2_0.CEL,7.10954109958332,10.030975295366,4.50297668645033,7.38792178615476,6.13277614377907,5.7288646019796,5.22082222767441,3.93880388067411,4.55694441524848,5.1187295834999,6.22477131688198,5.64674472616414,5.71057067909942,7.55701608090138,7.77380560923175,6.27397622507053,5.83102095193752,9.43145678014368,11.5960089796376,8.65946244873619,6.88338612174911,7.73547976072755,6.92025590132952,8.62281701168286,5.93184764537128,4.93856743275039,5.99619841379555,5.07732095601048,6.24445390891075,6.16820491683138,5.94155804481367,6.2575991907457,7.1121154784179,7.12446810792803,8.36822260527929,5.82267515740976,5.77059829989252,cancer
GSM4043282_HCC026_HTA_2_0.CEL,11.2062555479737,10.0607622534345,4.30528435756444,7.68264767047845,6.05248797662565,6.14464953435091,6.17335094446382,4.67263257220056,5.82661131267255,6.00900720643912,8.97459343746217,6.81086148583407,5.65967046361043,8.61463570689797,7.15316504165617,6.12031017681705,6.38401875955203,6.95654696372183,10.9585792215356,7.73171206237179,6.67532155820568,7.85254544599754,7.24445947514068,8.59766611440001,6.17351197995834,4.9009385077314,3.89346172754173,5.922679409267,6.56585701669447,6.32683037828065,6.24302293108116,6.94255154346425,6.76959897476629,6.79595131717876,7.1690428868904,5.77541631668409,6.45223798715775,cancer
GSM4043283_HCC034_HTA_2_0.CEL,2.9501835089584,8.78094032769135,4.61216660713213,6.91829409158722,6.46031166165157,3.54097394333963,4.84344448793704,3.50228008913539,3.88909471343776,4.58555835026102,10.7492804161566,4.42254453429231,6.21886128061329,7.43280981577884,7.49405555369769,5.72622670143805,5.8071870492288,9.88425099308111,9.48517212033467,7.28682802172293,7.07669176028419,7.32467450678044,6.90914719304516,8.33470031665214,6.42107087185245,5.5256049241595,5.51226300921566,5.25849123373171,6.13873418636972,5.26892493305076,5.98573790301456,4.98808516787811,6.61940166917638,7.0392566561682,6.99513268967946,5.17350462888603,6.00951342017727,cancer
GSM4043284_HCC047_HTA_2_0.CEL,3.63140382372484,9.81276262272916,4.41936809455865,7.3282144089485,6.0746418502932,5.6519544504344,5.16530415069458,3.73445663870602,4.76776671106847,5.04726038629955,8.29410895252568,5.85802761253484,5.90224359755768,8.73384610449069,7.38674278529453,6.29205035544205,6.14883027463766,10.6816762365663,11.5031120127206,7.70195693035695,7.19307885789951,7.33264218520774,6.99257772992378,8.626166698951,6.13800635172981,4.77633961361861,5.8159320236376,5.00679926606391,6.52507078690533,6.39845280018965,5.98858151343096,6.76750683028191,6.89853654853609,7.36462771964847,7.67065210237768,5.4039102418246,5.94819530441591,cancer
GSM4043285_HCC054_HTA_2_0.CEL,6.81356356038711,9.04513985306354,4.52688896008538,7.89086680694756,5.92818208119882,7.13510044524816,5.49049555098673,4.44575788693107,5.18658980222407,5.44768921177902,7.19567517781956,6.3383003711959,5.61643445856526,8.04822346156606,7.55714555633542,6.52451474500226,6.15744837756726,9.17938569317364,9.93453172818531,8.89327344321185,6.53869179724315,8.94347822985326,6.92387389678444,8.99503768010183,6.07784039314099,4.87684101293381,4.86902422173749,4.99728964647052,6.26924206462698,6.42434973719966,6.16584923215449,6.38811757090623,6.90367485667852,6.83571590454066,7.72371683544689,5.68437930604875,6.32303181039097,cancer
GSM4043286_HCC068_HTA_2_0.CEL,2.85952389888741,6.41913743344779,4.95206196476485,6.36377839373545,5.81008826852833,4.92611657977994,5.30629536160301,4.01148167212295,4.58122860467615,4.97103885105194,7.48360805256506,5.66928019785124,5.54089215020556,6.56147013898604,7.55716935702483,5.86496967010391,6.21618251760422,7.18997745283,5.263152500833,9.96052439259111,7.03044996935894,6.86015877107038,6.49992045076587,8.79798433072138,6.08093914677937,9.03744605564993,5.54418841608896,4.96194107613944,7.29218106982081,5.83373197964038,6.03269894601399,6.34898210255344,6.55101107519398,8.35481625684425,7.70742243325746,5.91702723364051,5.45184676632353,cancer
GSM4043287_HCC070_HTA_2_0.CEL,3.03717364779405,6.03081883542377,4.3234681567586,8.35606946828478,6.28584825961886,4.23375331183942,4.98015806022428,3.5818421005903,4.13534076553425,4.87204147513366,5.9420933265469,5.54620832026022,5.64531607628988,7.1321743466113,7.16621792546446,5.37992521726741,5.91363962790408,4.39185083077396,5.2166619623593,8.50772045277355,6.74164261735016,8.33309923535499,6.56457003338462,8.94970664616199,6.10238425598303,5.46685807758482,4.8269194267532,5.31921811456399,6.55841321759243,5.7460934359251,5.7808061317655,6.1192299778461,6.59581629870214,8.04278900319109,7.71985347084819,5.40192407799605,6.10195709631981,cancer
GSM4043288_HCC083_HTA_2_0.CEL,3.64583195170321,9.9598465680244,4.62937972815692,7.10710677915642,6.13665673716892,5.63181421010389,4.92483220517474,3.50324303358753,4.34965845759162,4.84441140481843,9.72842270906389,4.97871683391585,5.93038955213061,8.57817864870795,7.95632815473903,7.01731718935495,5.88708237059568,10.5526174566575,10.8636191247303,7.15308408773353,7.25307130402647,6.97471688422505,6.98956429352211,8.66896544246579,6.13993754737346,4.83395762759327,3.92875769104549,4.42833042064542,6.81925174379483,5.31177464073639,5.72696440577577,5.92879184269031,6.70489909713225,6.36408036836508,7.42008432896543,5.62180257331481,5.97117461638123,cancer
GSM4043289_HCC088_HTA_2_0.CEL,5.32662355808715,9.43232050164766,4.34006101369068,7.22845581545007,6.07928163218938,7.06154158028315,5.34981111659466,4.35526933451802,5.42423316427753,5.11360064123589,8.51668990087619,6.79069868387518,6.12759858164389,6.42379752035199,7.81007517513881,6.13371698902141,5.8753202583946,9.01110748349535,10.8109119959982,8.9485203225367,6.56645385664059,6.00298908478633,6.7886318393763,8.99793083607453,6.03772481296238,4.93368734194074,5.89997241044076,5.38713553832878,6.46028844517098,6.74593387191869,6.02890764985549,7.04656559534296,6.66134648853404,7.19707280220326,8.29346114649526,5.2565768709355,5.62497735004086,cancer
GSM4043290_HCC090_HTA_2_0.CEL,3.72809600900449,8.99939506144993,4.7178886325174,7.09221539979812,6.09191900894045,6.29526683429665,4.98015806022428,3.63246927432581,4.1265310673751,4.93524840945719,5.36556197539739,5.20322424984132,5.56632681776184,7.83520988728673,7.40569738069875,6.90524323795497,5.95736029952148,10.3670048754271,6.73578880886676,8.00101846690299,6.86997940033502,9.2195091589779,6.91033942211791,9.2485851826322,6.21834203530739,4.87402102153795,3.95115345659258,4.8567803268479,6.18853497607418,5.94418995532339,6.15579103714837,5.65221507752632,6.62876337835519,6.38359739906352,7.54851145083185,5.64352712337148,6.29950551057687,cancer
GSM4043291_HCC091_HTA_2_0.CEL,3.2871602916233,9.46342989123344,4.72475404753163,6.77500366287261,6.04782662936672,5.28278228357589,5.0482410342773,3.89107534931187,4.18438974521957,5.0489146554693,7.61660383982309,6.2710255251129,5.47242649101355,9.30986284997673,7.78271197168523,6.58777409099174,6.11007529454375,10.7353689981055,9.38295923020986,7.74077396777481,7.75903795690298,7.69403759379295,6.92886404966216,9.4933119258672,6.26950884866324,5.03081801037419,3.95377416533862,5.40654662075149,6.95508992950678,6.10027429675731,5.92291698872112,6.60326418409811,6.59585732499121,6.48786667911851,7.47884796887318,6.0694460409921,5.59474117935386,cancer
GSM4043292_HCC092_HTA_2_0.CEL,8.36323357304937,8.94709932048703,4.29653026191897,6.95935127938426,6.00785295587229,6.36873955628777,6.84956645292173,4.65647843704768,6.52488340771742,6.48035545702224,9.4699534551029,7.62640028194792,6.00434789798437,7.80233757070779,6.93759402214717,6.39974034146938,6.93224536543286,8.84837225342148,6.96402274925226,8.1102207071156,7.40481514267349,7.12668648683424,6.79646636110162,9.04413403861717,6.09816598586865,5.07825776247952,5.87511180319441,4.43885631924551,7.08770340252384,7.32675823311245,6.09369331301165,7.26742685187394,6.90217516945589,6.37882941103862,7.21265397751489,6.1278653000583,5.39158075682185,cancer
GSM4043293_HCC093_HTA_2_0.CEL,3.69031289572287,9.93054537181119,4.56138075048429,6.38728952830664,6.40803531401716,3.36196078222373,4.52469726824813,3.12422237690595,3.91918681744342,4.51775477308203,11.3671404797464,3.97554752253091,6.70699705971246,6.97510158568209,7.33676686355304,5.6099652957988,5.77496842654801,11.1183123545026,11.655628995053,7.23682428168826,6.75682833124413,6.27782067302338,6.90555980396629,8.63520317064952,6.34465103887637,4.83753224396247,5.90474346934605,5.00854965922201,6.54001677827427,4.83455521534264,5.94152953923976,5.03150746825748,6.66077947595135,7.61726974278702,7.03802970511991,5.34329304543727,5.73398832605062,cancer
GSM4043294_HCC095_HTA_2_0.CEL,10.405303832018,9.81471160942887,4.51827237296116,7.06537965416691,6.09843707911691,5.83793703711183,5.22607621181774,3.85962709887664,4.28831651129352,5.10482767300074,6.46822921355456,5.70939294250481,6.41760774374781,7.85819279199986,7.49824586072924,6.39756742021063,5.78608963077706,10.2846135293532,5.31662694006886,8.28499099076572,6.45744221148633,7.9670454577091,6.88479032364771,9.14130930815044,6.17322283224603,4.86947688056671,4.49267485952839,4.79222902149756,6.27879112745161,5.93170399238073,6.05836406007525,6.05819681140703,6.59773264701634,6.43795577947189,6.35633054903053,5.95378834084418,5.77512391510393,cancer
GSM4043295_HCC099_HTA_2_0.CEL,10.3528755094652,9.73586334761937,4.60413776724462,7.25728427176223,6.02289899810032,6.55391774477088,5.8370729647103,4.56606468013062,4.97807989309012,5.61201550533081,6.39387761417989,6.3308955404455,5.65266287761656,6.37606584960982,7.61761357346453,6.17610019559952,5.94631270587356,8.99073185639612,11.1061892151899,9.06011793649143,6.55227856418454,7.08517567816699,6.81292103314358,8.57451247001484,6.19469737483147,4.77968131509214,5.41104545717544,5.27542789208588,6.13893326343741,6.34453228127586,6.29361013634822,6.41557342165516,6.91619279727795,6.34012411821968,7.94469402931636,5.71988349162282,5.390897220359,cancer
GSM4043296_HCC100_HTA_2_0.CEL,5.79274564531187,6.99093270309383,4.19883517459082,7.8408733322082,5.97256568713653,7.65210772960222,6.52863111628742,5.45140144876889,5.90485974915189,6.05676516405403,7.56344422193041,8.30205735493947,5.86435289281171,5.62587958332186,7.78505276935064,6.794725024012,6.10950709441407,7.32666884617814,5.40169076379575,9.85357190400306,6.51493450255128,7.92232881552092,6.56862946482432,8.91943620294841,5.9309581922943,4.65841850101709,5.37601300917095,5.37738833245702,6.43354042610065,7.49618092549824,6.7765405387397,7.87343673005947,6.32669674637942,7.22613685403272,6.90731637876669,5.93925171205195,5.89435501723828,cancer
GSM4043297_HCC101_HTA_2_0.CEL,8.94849588018582,9.64505784410819,4.47129579003434,6.94896454646652,6.00681660750114,6.51231873920238,5.46034465420035,4.06897675671029,5.19733621058742,5.01241614571727,4.98767854617745,6.2976829581864,5.5812751095973,8.46952739655861,7.80561168668357,5.90171149865793,5.92544588036502,9.58778427303097,11.238186609617,9.15721642652158,6.41151714832518,7.95172395823829,6.92804268154014,9.08898199875192,6.19510005121599,5.07289636356632,4.53466211205623,5.35965970895494,6.36606792350793,6.21769342975916,6.03827361488284,6.35545141527121,6.73353675348667,6.99857384285881,8.067782268522,5.37872363236529,6.21287917577105,cancer
GSM4043298_HCC104_HTA_2_0.CEL,3.38747029493224,8.95712465830417,4.40406536696322,6.70679341692501,6.7240585374394,4.64542040861262,4.75155367087413,3.57818058417502,4.20496752535538,4.92097730515398,9.65965610097102,5.49448363833284,6.47720551127358,6.60436437355405,7.60058480175096,6.50832186132427,5.87746894838583,10.2785107667763,11.8390169814577,8.27521864737992,7.05441605197143,6.76835312760372,6.72972585499559,8.67049172597095,6.22689700740284,5.08301727557977,6.2543014125245,6.24582323609117,6.39417210801119,5.58387910580503,5.96747401474142,5.41934621145164,6.80524001682125,7.31581596429036,7.26350005739066,5.30106199211545,5.80580380505444,cancer
GSM4043299_HCC106_HTA_2_0.CEL,4.13885985012585,8.13696357966175,4.51959956917357,6.96495198820107,6.23272394503393,6.41213107973172,5.57240412421435,4.1151225608344,5.14470761912439,5.49732876258739,5.81030248154543,6.94111960273362,6.163325896269,6.96566494406691,6.56750644785967,6.34411551351212,6.56631044800948,10.073425371513,6.38326673184715,9.02399921215194,7.17384717598218,7.76090052668573,6.58932285937901,8.70702611354113,6.11925694457879,5.33585190268843,4.04588155533049,4.60412623524501,7.15463959895497,7.06166035489506,6.68931631345187,6.58681457831878,7.2510021742175,8.75808878541299,7.60492820831822,5.10615353648016,5.96028307019284,cancer
GSM4043300_HCC109_HTA_2_0.CEL,5.67622571003555,9.69989877986231,4.60052104967539,7.14867913565739,6.35940570400511,5.20024840765825,4.87604554812204,3.41981340359709,4.0477622904472,5.28910090334411,6.58410375783078,5.0688499840876,5.92320397701471,8.67931754903415,7.66665517481446,6.20684799988519,5.84215230781074,8.70232201897982,12.243460477831,8.06639768994095,6.68892587702487,6.54747322091788,7.16835604316641,8.82438011514672,6.28072292996371,4.90009845397708,5.59150307110622,4.75521666457187,5.99650493074414,5.73848871329119,6.06041320433986,5.57944240484905,6.72213811006723,6.65065689316217,7.93897183076292,5.82769154735873,4.90670040407201,cancer
GSM4043301_HCC116_HTA_2_0.CEL,3.54233974172234,9.10828691226016,4.5511129574129,6.84460405364908,6.08810088636257,6.29336052603376,5.65470258306267,4.26189048865147,4.76206364183178,6.0240279912763,6.75812138548891,7.4067243315328,5.86043421213862,9.22299111046842,7.57527589890671,6.13012463924372,6.52470940048221,9.04443514559815,5.36436048345732,7.52834380148063,7.39765423585958,7.78517677605524,6.95391612526522,8.97973270364899,6.19469737483147,4.99493247310842,4.42079322667963,4.61609768418906,6.77210387111393,6.46347889354503,6.11150443827313,7.63201605076914,6.64062559037418,7.18379392496161,7.97381441404649,6.5291788026267,5.86513315183947,cancer
GSM4043302_HCC117_HTA_2_0.CEL,3.12715652588028,5.99600020957395,4.43467171882668,6.65542344003989,6.16359621025519,3.27941755248669,4.736013830894,3.08133582159151,3.68320559086548,4.59208044912137,5.43238194446707,4.63703279654442,6.04052728166631,6.12324104952987,8.23073974690499,5.26701166074662,5.77385309926005,4.27994860922435,5.46691768420499,8.03941309642991,7.08117251813913,7.85375537239026,6.53645171379864,8.81397598236313,6.26786745473088,4.96504692917279,5.46093872992847,6.1441054554324,7.03009589348594,5.02094938318051,5.75828452703073,4.4820613075462,6.69029201630448,8.41597163670441,6.75866037694895,5.20707803044071,5.52625940714218,cancer
GSM4043303_HCC120_HTA_2_0.CEL,10.2868735899538,9.93741580600927,4.38745600188876,6.79227272260738,6.07319902305407,5.679443805905,5.61541001908425,3.92292771463372,5.11851155232426,5.358111276992,8.60102540521543,6.32945926776849,6.08776538368753,7.0378165265102,7.77231117291546,5.95016812640334,6.05340826188547,9.12962118036436,10.2879907450154,8.18574780287845,6.59080868329246,7.38675659606132,6.80684889200307,8.4618760001867,5.98505391754193,4.53412829607669,5.53671113337012,5.63583402958392,6.27758493084315,6.20701828746928,6.1410744582558,6.6647340308255,6.6179456779863,7.14163669199441,7.27622610938661,5.46615560268781,5.55224451519081,cancer
GSM4043304_HCC121_HTA_2_0.CEL,10.0642721404854,9.53509328684868,4.56138075048429,7.47087100063244,5.94793570327028,7.31905462211668,7.76927699163646,5.55495875890248,8.06927096196812,6.27876947807368,5.4843500894951,8.47704821111754,5.23234909517378,9.68219666735136,4.84686751137381,7.71289766710547,6.98614012810821,9.46390355265406,5.2998897609024,8.23127448458755,7.21896765760159,6.89788913083053,7.05520531730775,9.09008322547372,6.0598626681088,4.99487558481595,4.74780676626043,4.43055436843699,6.65762130884722,7.8450395219453,7.30606194171181,8.01209103570775,6.93059207703837,7.06499118435154,7.54184570794725,5.7695283541127,5.43843030195808,cancer
GSM4043305_HCC173_HTA_2_0.CEL,10.856391319782,9.76606695693088,4.50360847444984,7.62669154225284,6.30450481621291,7.44051190627098,5.41519820185179,4.30794963019808,5.11608534326913,5.26149300011192,5.45721452631411,6.48861235648059,5.67575193930945,7.58206467292851,7.64296740881243,5.96704346595075,6.3156188291477,8.44017989786981,10.819106699577,8.69752536860529,6.37708356190477,6.69704612089626,7.2096071989006,8.61620998527171,6.39833257583474,4.94164535433736,4.11298855072706,4.45768103550641,6.2764842600078,5.92777881047843,6.34734956028251,5.99081512265419,6.84302566296101,6.24244551620367,7.04958937073938,4.97194541099648,5.68394287958983,cancer
GSM4043306_HCC179_HTA_2_0.CEL,6.0649664111738,10.0956454009686,4.75105019414913,7.39446845661598,5.97697018119719,5.96837718467941,5.16627156904154,3.85064778591024,4.34400166791358,5.1565483439227,5.70959302431634,6.01279913850885,6.04014861417814,7.0609908859365,7.50832924606098,5.92042720793477,5.85716065050537,9.41057731186976,11.4198635380149,8.95380727312454,6.82787570719393,6.85861945244605,6.97819476565137,8.91650868721892,6.12454093679735,5.00999383980044,4.66815019991655,4.45532218005694,6.25612468899066,6.63369147496257,5.98994311387027,6.11674119619394,7.05392332141321,6.20490884911184,7.81012870967004,5.37872363236529,5.44871594588076,cancer
GSM4043307_HCC180_HTA_2_0.CEL,4.5592281697368,10.1018041279328,4.40519292154865,7.04870975027218,6.50585813049557,5.04821788105047,5.06863102572636,3.62601212917026,4.41887187221551,5.00749679206522,8.46636583191322,5.39876193386116,6.25764061479202,5.59665863159236,7.49297779947305,5.41076340377889,5.8119769738588,5.03630591489911,5.37448195663806,9.09245182625596,6.90561851499344,7.10395161584354,6.5742825255976,8.9015646431504,6.03056449903287,5.40737177719066,6.3329406132439,5.78228172414806,6.66561571180385,5.78616556373052,5.88228666295449,5.77551786083059,6.65315009479824,7.40856938947951,7.26689393139778,5.48521111006297,5.61021818033712,cancer
GSM4043308_HCC188_HTA_2_0.CEL,3.801797233562,9.72468933298355,4.66482496303686,7.01866634616625,5.93172485732191,6.0715842173794,5.15194762986585,3.78655524333872,4.62545013877357,5.39846321404623,8.6470552815837,5.8932382093351,5.74255853999384,8.90311408884655,7.53911708959512,6.45207545803993,5.75897908694578,10.6843062292041,11.8273825791311,8.339119760708,6.75311255706637,7.57533738332562,6.84083854039039,8.76403474763975,5.99200953395746,4.69992339326762,4.87767094350157,4.86236799807786,6.18882569874193,6.06813332014169,5.98436911157074,6.25687272032711,6.77493554565201,6.43370711472108,8.25096762916802,5.99739741072405,6.15095851317004,cancer
GSM4043309_HCC190_HTA_2_0.CEL,4.54297323035691,9.75577529925721,4.43314571278761,7.50878165912818,6.01701193684909,6.4961237164619,6.20201422425173,4.87984290704989,5.86921401153757,5.96982668182561,6.39154466807023,7.4126707673575,5.54999608795603,7.18594800570243,7.87678910109131,6.00232383703616,6.14526003160908,6.00310919543337,6.74324253486592,9.23563637340511,6.73546084702726,7.38261185927034,6.94991077028614,9.84250481727604,6.1724808031074,4.88853803625948,4.66237867561328,4.35319817281595,7.04425960319114,6.93348587381946,6.49344603472031,7.24999707423097,6.50595125542035,6.19645885726324,5.68323915675191,5.12703410294519,5.91163383360571,cancer
GSM4043310_HCC191_HTA_2_0.CEL,5.29884630950321,9.77911801628486,4.6625646096438,6.70433802574514,6.26446223332777,5.81243428647482,4.88435584389284,3.587825758852,4.27432244384449,5.07258907166011,9.64825254956291,5.61164522191891,6.09677043895382,8.29523416538364,7.05359807040492,5.9459420935308,5.97192463352047,10.8465356295372,11.3248247246858,8.11506114409751,7.01485155441614,7.6962265303648,6.78505734821318,8.65890992356396,6.08658099493965,5.9680552109056,6.02556813115639,4.7453237809132,6.55841321759243,5.8565107319575,5.96950201753577,5.72819980717716,6.64984134819542,6.85456774575363,7.77822463490569,5.50992022758852,5.85944108628587,cancer
GSM4043311_HCC192_HTA_2_0.CEL,3.3594022305078,9.75187962335181,4.5786855432248,7.13640931307366,6.05908083825226,6.46785190013948,5.38984431775144,4.0686559877189,4.87033769723646,5.46698932412825,7.53507809584475,6.06573323248694,5.72097033770046,8.44793088936023,7.63988323227974,6.45228257266974,5.86440903181481,10.9753383417746,5.49263305559261,8.26785555786129,7.08124534454967,7.57114460833288,6.78468295754526,8.86496103565429,6.03874004823007,4.99916220455039,3.93037765729094,4.66832532839364,6.32237360542933,5.93067527950639,6.02661283540553,6.23208549030301,6.48924891910956,6.30368502640306,8.70522621468621,6.51477040264891,5.76122293299342,cancer
GSM4043312_HCC193_HTA_2_0.CEL,5.65640401893919,9.35109372038695,4.40649937083524,7.20313532130948,5.99054317578723,5.70367870611443,5.63544816826094,4.36923786078069,5.25326647158364,5.82530350727486,9.19182375559051,6.45041643254143,5.82575905949302,8.43282075697575,7.8022375870163,6.43727737022435,6.06268861305026,8.90412275613192,11.9808707186867,8.43918321751958,7.94968643382046,7.54862966621368,6.86265575673612,9.0101860936842,6.02936674665986,5.11785077810394,4.93483103491668,4.48577296099682,6.86993056576175,6.39178337211033,6.01350205587953,6.69200688349718,6.78421536371274,6.23987127083154,8.22817613180139,5.31733547637667,5.76122293299342,cancer
GSM4043313_HCC200_HTA_2_0.CEL,10.3338107264811,9.80017878686336,4.52862705274991,6.95806270169476,5.85348603202062,7.55299537520976,5.67742510483496,4.79828737019307,5.7844605871773,6.03919047305278,5.99632258255011,6.96072088253977,6.15740532317177,7.56407014626664,7.83088904151826,6.39187461859822,5.92908904320545,9.01541724827569,11.7445016675186,8.51369649952586,6.69511854717814,6.74098665681659,6.94455214262335,8.81770437839471,5.93142297546281,4.76366409084442,4.20195005818225,4.65085392056533,6.32919064919312,6.81459276802458,6.11590613063246,7.0864053755829,6.80333319497608,6.21871352062439,7.96724379219376,6.04911542791876,5.4545309168587,cancer
GSM4043314_HCC201_HTA_2_0.CEL,6.39838407143929,10.3292710289683,4.62487779417839,6.56829539978952,6.01190269806204,6.2739690816374,5.14063723180759,3.45472158401215,4.77686327567215,5.21153456947947,6.6214932116868,5.89949596247536,6.20614179350861,7.18770352785366,6.86488512631469,5.77410123354987,6.03630317695863,9.08593043710491,11.23507988636,7.83579160767396,7.33638898959699,6.64994922843078,6.91851467567126,8.65240021520134,6.18764901941163,5.02258316121495,4.28500059973826,4.62429551632391,7.18120022490372,5.41119408111036,6.05158364690531,6.1966945043921,6.69957108305709,6.60986935760096,7.02464675639564,5.31665115944102,5.94586784535801,cancer
GSM4043315_NTL004_HTA_2_0.CEL,3.82605958399263,10.5144598728025,4.67135107266519,6.95768457528908,6.23658055368967,3.3437975133084,4.43407255622034,2.9949446529336,3.59279426535276,4.43580760960288,10.7985367796868,3.93864090723139,5.68641205114198,6.90659465763636,7.56795652749489,5.52070895030453,5.72153892797876,10.6878592284632,11.7373102542241,6.76978892813944,6.97290454123983,6.8229751471758,6.92610596995695,8.51460491870683,6.25065025238806,5.74088050058217,6.34801987993332,5.20305277420697,6.57717913831278,4.70158008497405,5.68765416808744,4.42855235707261,6.86041929127152,7.11178927426877,7.36928753191662,5.22624916201388,5.88694302580075,healthy
GSM4043316_NTL011_HTA_2_0.CEL,3.55847820507538,10.3712983541746,4.57098640679632,6.80449232001734,6.29480760672041,4.92317979918907,5.00810066765076,3.73950137434829,4.37030052333942,4.9891228240938,10.9133313632786,5.27024759636694,7.8294211398719,6.62195631581122,7.52079162087848,5.84550110954899,5.92082845296621,10.9069995378014,11.731691073268,6.60000333722518,6.97152853909298,6.63617847706411,6.91938564646331,8.56656543274244,6.32421097854615,5.5240259809608,6.48304842805681,4.5100750779379,6.53777009484522,5.75346602688918,5.94583895680472,6.17671927042538,6.91286783291565,7.42566623085763,7.66189123332423,4.96254074985678,5.69942025156587,healthy
GSM4043317_NTL013_HTA_2_0.CEL,3.94396772042354,10.4601308986807,4.56138075048429,6.71052731297844,6.39398487290528,3.34529639239887,4.40035367421061,3.03063699871471,3.54208409596603,4.4771091980261,10.6303738796796,3.64208609081997,6.9461918453748,6.85106461636244,7.25486027941684,6.09766091359145,5.68524637437598,10.9860723475627,11.8297723840146,6.52155606578263,7.03726069293563,6.71741977721041,7.05301139862852,8.54716502017915,6.41890043594473,5.27359824369792,6.31457150166669,4.39242724830046,6.55841321759243,4.74838213012346,5.76608937173787,4.73077509727509,6.75425289042586,6.84162586507768,7.3233067802565,4.79028882718103,5.79968377146719,healthy
GSM4043318_NTL015_HTA_2_0.CEL,3.58743878149039,10.3276339599959,4.71942172119429,6.8281713894524,6.6025876540724,3.32940110304909,4.59466080797122,3.19606169782789,3.6652541505054,4.51963811165001,11.1053022990149,3.80110755193556,7.37947957601476,6.48964073259904,7.50523189204196,5.56296355008202,5.86230867132719,10.8748795960811,11.6132509800269,6.54925231406494,6.78279383306723,7.18507839162177,6.86192337724544,8.4443586000377,6.42614653368606,5.51197432167278,7.14363180115554,5.04402710751301,6.29716234787316,4.77908239540464,5.82069741314094,4.87698714956522,6.74023985241762,8.14425882278725,7.41113249231412,5.16606777174935,5.67929205265849,healthy
GSM4043319_NTL016_HTA_2_0.CEL,3.8315974910537,10.5207962063275,4.44408133642352,6.88580729347908,6.35184944353152,3.31211890249709,4.38006551866911,2.94805321872158,3.48650654451187,4.19279049901689,10.8388373456334,3.64651633420475,6.35391621320822,7.0030063683796,7.75433359724333,5.29443896870073,5.50088347496309,10.5443946385936,11.5681285902997,6.73664501227124,6.90230155960087,6.62567587180205,6.82689997074076,8.79096138544234,6.05274405197354,6.08013356665672,6.8436258378711,5.08359337229234,6.88271982268953,4.5587261220656,5.46229797037213,4.80271941609477,6.77007086748609,7.86281549663348,7.39197025964268,5.2771565084731,5.77704997708551,healthy
GSM4043320_NTL025_HTA_2_0.CEL,3.39792687468716,10.1981549118759,4.65215967856827,6.8973275863339,6.51457900761938,4.0439608744787,4.68214103902333,3.48469578867793,4.12643065391296,4.70959247717887,10.6700094486769,4.8190362514121,6.93463710050377,6.73097688649642,7.44845321576291,5.57015210848984,5.90041978992685,10.8636631427216,11.5294870891782,6.59020637947014,6.93098773448669,6.54742094597428,6.82425020554207,8.5520329445647,6.24047549854486,5.41885687044138,6.71861983099605,5.11237067556743,6.37965835420658,4.94975836413874,5.82411535111958,5.82087137497481,6.88157813739447,7.84084347166694,7.84465235761167,4.90181757706054,5.34081594011067,healthy
GSM4043321_NTL026_HTA_2_0.CEL,3.59606235265799,10.403005396943,4.68477208639504,6.87423580156619,6.33106565243686,3.34841364019924,4.39559567077539,2.94247321446203,3.58105019921943,4.44856634475061,10.6827456276887,3.62689912082148,6.80711351467585,6.70162378949347,7.47846561536603,5.57904415261783,5.67983202545371,10.8130164047788,11.6670651588227,6.63522533915429,6.96183903173009,7.06121801896388,7.00975536992055,8.57228627315237,6.32537875845188,5.25432575533861,6.82471598007218,4.57948954950104,6.60356101652241,4.54845869399655,5.7464949192351,4.47944281779339,6.70020846065074,7.10295669231016,7.21497194630668,5.11052000479061,5.99178802653017,healthy
GSM4043322_NTL034_HTA_2_0.CEL,3.50688044250642,10.351998469423,4.58219151288575,7.01320719816791,6.32582358334577,3.35680621870763,4.53963497602071,3.18776057720967,3.69773872566744,4.44154556766957,10.8474557462497,3.61193939861562,7.38680359182836,6.56646901246084,7.63214796120265,5.5819421229873,5.84091143341206,10.8306575736081,11.5898443657657,6.85373013346459,6.72284306009982,6.35445204670674,7.00485872067432,8.57064306399939,6.3401278866788,5.43307567273118,6.37984526551945,5.04305183794276,6.55841321759243,4.83026063995911,5.80178653801672,5.05227385610069,6.92655130910092,7.3012127146681,7.58648214337527,5.40443293341241,5.76122293299342,healthy
GSM4043323_NTL047_HTA_2_0.CEL,3.80209887227067,10.4937435272687,4.65127602258421,6.93557152809536,6.35311984583648,4.61338835216415,4.92407160666674,3.27716556377844,3.96890749428549,4.77174836326476,10.4089962828626,4.8390770223253,6.71352467777596,7.01311642874708,7.36836186549215,5.75576032599846,6.02134396414275,10.4552165201924,11.4809926851897,6.37186323719034,6.73039452206405,6.59812843793491,7.07174912031529,8.48825310077244,6.36243340427173,5.77135484862328,6.77658076307628,4.51727864247013,6.56924449748041,5.4908926841313,5.89497411422964,5.77921621440549,6.82248034498121,7.18436296837438,7.37847243053003,5.00396254145682,5.75256009647788,healthy
GSM4043324_NTL054_HTA_2_0.CEL,3.66999952158672,10.2076894221015,4.63372997281461,6.94942577804691,6.47370430760699,3.51909113551529,4.5120768131746,3.06326688142134,3.69500392300455,4.44495614430754,10.3201901914047,3.84974765911539,6.53276723681626,6.57793988388681,7.61407910247591,5.54804495857215,5.83450015200368,10.2023556985333,11.2700203792729,7.21096446861256,6.95148951501491,6.5176707242902,6.88164840144614,8.5994762085135,6.31522670902045,5.79147045421846,6.6721821306412,4.91794882528419,6.50595913687749,4.941127529854,5.76144113882189,5.37079287147259,6.84808512955796,7.58474537458549,7.5853443228357,4.79920938347149,5.56742907028922,healthy
GSM4043325_NTL068_HTA_2_0.CEL,3.58772129124755,10.3008867177287,4.93517639109319,6.85759668105145,6.43698057980661,3.76134004293605,4.68200832886461,3.29254892585095,3.71257406327144,4.46897276808363,10.9059012542634,3.91532513955636,6.70115690068314,6.47193500604638,7.49676174091756,5.54391104670396,5.80414784282754,10.5128900456528,11.2845520819353,6.89781770820331,6.67841968285094,6.05337278342353,6.96460554162497,8.39830305037567,6.33964381210619,5.81094869355732,6.50482118294227,4.98716036983855,6.38102944826665,5.0249307569738,5.83003706072762,5.00016590983566,6.85443289173407,7.82723197335696,7.24995157730009,4.78763355285069,5.66326332601664,healthy
GSM4043326_NTL070_HTA_2_0.CEL,3.88196338193737,10.5740536869536,4.58501508882718,6.80582611654952,6.3423963356149,3.6272341629642,4.50060522388487,3.09200188240256,3.64922952640109,4.43571524950096,10.8672675865566,3.93173292842948,6.08081677661207,6.47513226298938,7.53287292870009,5.48260588374211,5.65372204582057,10.7954547802431,11.6121672056629,6.51797781318255,6.96686399988888,6.9538814139314,7.02272662574587,8.40189905601698,6.31304430548847,5.14031308461299,6.67250264625086,4.61273311410835,6.66094335305274,4.80147554035081,5.67121333223239,5.00360643067681,6.91262270268527,7.26316525683515,7.62379738350849,4.90231809653012,5.55496383612369,healthy
GSM4043327_NTL083_HTA_2_0.CEL,3.85853956699202,10.4409761499027,4.67915329272345,6.87673589463058,6.53226098967111,3.47316733648499,4.45405851694684,3.16326591020871,3.77032957815023,4.52471482140753,10.7624505737484,3.7628513716133,6.34893203240454,7.0852364986056,7.4293080037833,5.85971295668807,5.93793876715656,10.6604531018321,11.6308622612967,6.6767063717514,6.79068116710543,5.78457271487278,7.1123499456806,8.28611979257686,6.34712964045544,5.78748829714142,6.10126203103355,4.5486828349181,6.39286912107294,4.84820490094395,5.81216003431737,4.60665149623445,6.76275325133679,6.69824100479497,7.15604406007847,4.6136535541336,5.5956037718686,healthy
GSM4043328_NTL088_HTA_2_0.CEL,3.309131778636,9.93641810890689,4.5773549624117,6.78113929821834,6.52734512684012,4.07228818439367,4.8072421625262,3.12956211571745,3.86835066284513,4.67772439193643,11.0397786005602,4.64937090848934,6.52741338780499,6.73492347530188,7.80995629235325,5.35595148805655,5.80177176463374,10.4953829575159,11.4321612364261,7.21944686021911,6.73877811435471,6.71175864644792,6.61584744691383,8.82647063246006,6.19218874849876,5.58093850350997,7.39989420517397,5.39173230529566,6.57712907572056,5.22798621408176,5.78786373781078,5.59667568294142,6.7876855212973,7.64960957165756,7.50887174857249,5.26170304233507,5.76122293299342,healthy
GSM4043329_NTL090_HTA_2_0.CEL,3.93225163887222,10.3263321626483,4.61084926769379,6.55599221758233,6.3909929223242,3.34890730507139,4.56705528305254,3.15720200278566,3.68624683039829,4.52679616155796,10.538745261515,3.48989027391888,7.76470696501288,6.72575420703673,7.58262722611357,5.79746465506087,5.71663281674519,10.4460357064,11.4381582986774,6.6523033970981,6.93250089751631,6.76311717208454,6.86699881115513,8.66259503666115,6.30061183891242,5.54927951163293,6.97534846905215,4.77017315457011,6.64695189409206,4.70770958197988,5.90061502778729,4.63340782169945,6.74602668907054,7.69190533898625,7.22543757336091,4.81378132192751,5.71067529228731,healthy
GSM4043330_NTL091_HTA_2_0.CEL,3.85664457922331,10.2450197202346,4.71190195278246,6.67564375540224,6.52313446348142,3.62253669738176,4.59970659308699,3.04090573375537,3.8028613703704,4.48196174294549,10.7175624724992,4.01168127119915,6.7906334058599,6.7117946527915,7.59402663535932,5.45222816041936,5.82944229641047,10.9440511664464,11.7893892681153,6.72913068537134,6.85969635213993,6.31766814174746,6.96617995252447,8.68694837400852,6.33648276420881,5.78092733162361,6.91163670434556,4.96784585303501,6.58923275798325,4.85310249557023,5.9290420298385,5.16355564409151,6.79037375195887,7.15544034721199,7.31203045102157,5.06463194529002,5.89380236726881,healthy
GSM4043331_NTL092_HTA_2_0.CEL,7.30463238248015,10.0759074766341,4.48255208216376,6.47782444825963,6.21222244194179,4.91801620026056,5.69150107081924,4.10220482451359,5.20610282197339,5.38743857510763,10.105097191237,6.16504077309492,6.02082508450247,7.67911621555263,7.57182364504529,5.90278122996454,6.20237472977653,10.7005288368401,11.5121865253808,7.59101012904303,6.95727344440337,7.02228904890145,6.70977643561012,8.86600839204421,6.13330713346151,5.45259899393358,7.2186530700612,4.76539028518446,6.84611894394633,6.03253681001523,5.88379577389298,6.07626659926435,6.69290641882959,6.98899891480912,7.12953273499233,5.63056425967606,5.84310180845148,healthy
GSM4043332_NTL095_HTA_2_0.CEL,5.10830351227563,10.1085833676787,4.59415750056638,6.50513268813432,6.5448028963272,3.86631809241059,4.68726055020845,3.42136874923849,3.88442440549359,4.86469372181812,10.8166877530498,4.4472924205175,8.11729316725863,6.68285900913195,7.35586370438573,5.78990619742308,5.89856676852837,10.7368820596399,11.6132385290475,6.43864984706206,6.5697649609607,6.95076617970089,6.88049749019395,8.53557096412466,6.42056402933207,5.61710192444255,6.73367751492429,4.91539107630743,6.60389966078147,5.07836285674,5.96857330493897,5.12802551159414,6.61710854898224,7.36911679172209,7.24960862359249,4.98914744433014,5.72188982028044,healthy
GSM4043333_NTL100_HTA_2_0.CEL,3.456533973174,10.4255835716487,4.63758017439726,6.57520580783271,6.36112147792777,3.90638698243455,4.71864926162259,3.25081588847515,3.77231982447667,4.64558415894214,10.9034489294987,3.98379958289294,6.40645396066249,6.66280328062953,7.52519596944527,5.76777625266628,5.93117037518895,10.9853043134963,11.7732049234211,6.3908854803428,6.65599943784841,6.63387971037333,6.93005523833205,8.4799008572341,6.41478451395647,5.30940379023501,7.04312636447707,4.6048340162147,6.62268235246062,5.03075673599381,5.8728855182355,5.24226869116186,6.69819860842182,7.09578458721947,7.24875816114639,4.99186727265509,5.62234849711028,healthy
GSM4043334_NTL116_HTA_2_0.CEL,3.5001254010736,10.5312814647743,4.78459286969855,6.54377290386434,6.45213875631584,3.49540370460021,4.59409232065353,3.16810745674825,3.82385606920289,4.43015847617308,10.877861718657,3.74395100916952,6.72291340456917,6.83385429272936,7.43557668282733,5.69554241603631,5.94091120014805,10.8546786116074,11.6777640257628,6.12312787905378,6.75369700732681,6.81270473832477,6.97803567426323,8.38556502026622,6.41907436812416,5.44517211476783,6.1353223427154,4.67329639497112,6.51098568007369,4.83194332230088,5.88327969411081,4.55534686776189,6.66878566403921,7.2889389209082,7.27501097607715,4.88551456718504,5.69724200567077,healthy
GSM4043335_NTL117_HTA_2_0.CEL,4.15948342215349,10.5141369984256,4.56896184761582,6.56793267624195,6.21304502779673,3.34434296877979,4.48111420061073,3.03706892511548,3.48049026281013,4.27382060852845,10.4763717156499,3.47422389053953,7.11526066178178,6.88745644447732,7.75943568043877,5.75785778589837,5.6611458084488,10.9864975045624,11.8647705458233,6.37165948144799,6.97605924745731,7.00476718030655,6.90891540382151,8.67795947415131,6.20764486394994,5.18082531202187,7.26780627978105,4.24418039925975,6.76437018490836,4.48787497615683,5.61329776264879,4.79111409025337,6.63450417307699,6.8523516999991,7.48314275440964,5.10835233957862,5.76660654467094,healthy
GSM4043336_NTL121_HTA_2_0.CEL,3.50265967062422,10.5220488162203,4.67264215277605,6.78531851799812,6.35483348195127,4.18403912950252,4.80804687037724,3.27696859791076,3.83957277301117,4.62825665599319,10.6780552641351,4.53118026768534,6.0670295411999,6.79935539281436,7.82842537257366,5.58211157863612,5.95643654585438,10.8895857113387,11.8807813958661,6.8062669507255,6.8901148257257,6.33752642129222,7.03881875371744,8.44701573031763,6.36703671039803,5.55134659769025,6.41338013765478,4.68756467956772,6.66955399094171,5.03906076495992,5.76181801621909,5.43349744625639,6.88486930392128,6.84391965454138,7.7075142497996,5.04104839679907,5.82391016693691,healthy
GSM4043337_NTL173_HTA_2_0.CEL,3.67193304454076,10.077480736116,4.55431033326058,6.58081649914049,6.30893918577706,3.25998754804361,4.45459577273052,3.07559485961601,3.65913359711611,4.34698851673347,11.3142681297057,3.79503279130387,7.5939720862393,6.72267414617985,7.52160961552118,5.55537438265781,5.70630336141344,11.2588312559989,11.7614113451257,6.85860381275023,6.97561639601792,6.88746117729345,6.78537198976547,8.84891232746632,6.18831559942815,5.80438709798295,6.92441518416115,4.59617051893507,6.60381748707742,4.63080624648999,5.69092683245158,4.81770517725078,6.68369975163289,7.68443911824292,7.49262246844376,4.99576086378012,5.86368024845884,healthy
GSM4043338_NTL188_HTA_2_0.CEL,4.21955791781342,10.3173656326859,4.76974195955251,6.64968772720415,6.37191056100792,3.79259377280545,4.64608716120234,3.10828223195154,3.86200149914918,4.70350715438201,11.1172926652926,4.07833812252022,6.65003489887599,6.63580507685902,7.47289111144376,5.4906656110892,5.92696109077616,11.0953161256276,11.5519787215513,6.49970172117476,6.92801368091305,6.04075447309301,6.91775527139263,8.50373352961252,6.34856848000044,5.76868902593686,6.93778803950913,4.69592241419288,6.55841321759243,4.86319209407628,5.81340886691852,5.13592128434141,6.88303758040939,7.28104191508333,7.47067052693459,4.99654447600428,5.6393699176629,healthy
GSM4043339_NTL190_HTA_2_0.CEL,3.51983499070645,10.0913818822337,4.664511596859,6.65355435064899,6.12640611604604,3.75811051798932,4.56388262013835,3.21791413936606,3.90487235987739,4.47701071315859,10.7323152310467,4.26715352604149,6.95964020327443,6.77194880546877,7.70634431960027,5.41012070812852,5.46143369178942,10.9488638668083,11.8893390096381,7.02286714430313,6.86552257173036,7.13731028507202,6.5536436782417,8.9611201975584,6.01457961715006,5.63882688222977,8.00770428322961,4.70072339555067,6.95195671266358,4.9127228453643,5.4623558955012,5.57304079525443,6.65868543043514,7.07388362745604,7.72371020033056,5.32270663400718,5.89169950765807,healthy
GSM4043340_NTL191_HTA_2_0.CEL,3.61203831020187,10.1446436920301,4.56138075048429,6.83718703757374,6.2894306017968,4.33405029920028,4.63495045275236,3.26819977900332,3.92070511784264,4.50948646028962,10.1855670409931,4.61073807001719,6.68319034369751,7.0963892122065,7.596688602105,5.33242734893451,5.67966943118827,11.1849334067924,11.8727805103447,7.20874324383369,7.07164924844808,7.14430903986895,6.74264733239093,8.76267983688999,6.0661545441203,5.38553591448928,6.87363849432295,4.8443130943307,6.74855000720106,5.1212054817451,5.63521720865062,5.65758113826711,6.68561906213214,7.03807599159668,7.72952605501878,5.3894960884465,6.11855480165956,healthy
GSM4043341_NTL192_HTA_2_0.CEL,3.43595376655831,10.0260115266147,4.42878037515855,6.64056015215554,6.58545495195079,3.66891914183691,4.58785664120515,3.2283848003017,3.83326591239052,4.51993754990905,10.8212057327027,4.07966896267851,6.88044682732987,6.72719680122942,7.51798991489107,5.33596299498734,5.56768659249292,11.0716472474358,11.7569534332158,7.08369140731016,6.77838323784108,6.709791894304,6.65602497430809,8.72222452156364,6.13918995545445,6.16000094332318,7.47459665936666,4.82655890507293,6.58869622633661,4.87737340908269,5.79713956926417,5.16790107030346,6.81002083208863,7.96295602413764,7.5087804147914,5.37300256665526,5.9290041844005,healthy
GSM4043342_NTL193_HTA_2_0.CEL,3.74699550549886,10.230027049109,4.69459661198876,6.72752813862173,6.33578728768779,3.70400450076258,4.57227691693758,3.37869185948458,3.77847150420267,4.54984164585203,10.8611405069275,4.19880930679473,7.26303634734251,6.76491526505178,7.67321614115934,5.36198486541497,5.75989977018206,10.9782656533532,11.4067706520253,6.67375647436779,6.92663855099274,6.78083469126574,6.70708645507068,8.61619630206403,6.2546922513604,6.03247477038737,7.52595199087919,4.69835626877162,6.66427545982523,4.93688974461604,5.74825873685247,5.44649353267195,6.83367253053921,7.02833211603467,7.62536368437429,5.00975624173572,5.56644835790809,healthy
GSM4043343_NTL200_HTA_2_0.CEL,3.46027767863074,10.2477542772258,4.65140253206485,6.76113769163097,6.50576588729806,3.48245912667034,4.49353026012772,3.19782834372572,3.83159079355421,4.53270280100014,10.9550259873095,3.76320100703698,8.01642572994544,6.67016395119314,7.36438640574042,5.58141125579695,5.58173875082677,10.6944236196806,11.6406186677145,6.91965058258341,6.71325144666071,7.00481289059148,6.80315305880506,8.72700844150978,6.2121367993409,5.27483801609144,7.48217365090617,5.13082777728095,6.69079433410095,4.86924935485621,5.7998391554252,4.76486066046393,6.7741557642697,7.73856505694177,7.33623778402675,5.52021030023769,5.63686681294711,healthy
GSM4043344_NTL201_HTA_2_0.CEL,3.39659495365863,10.1354436789047,4.64783077616557,6.78454631393219,6.36082950998573,3.18615397484656,4.34202409773216,2.83254386342774,3.60342732919122,4.3001157710388,10.5968219936112,3.86828932115434,6.00394327616987,6.8152730471278,7.71176740789216,5.16467315748625,5.45298544876369,10.4835401459719,11.5437795004671,7.04628227124589,7.04369624705564,6.55665618194262,6.73214765745101,8.71193074260838,6.02714227323163,6.00525761444779,7.42751012862689,4.95495165106018,6.95225734343134,4.78202313304605,5.56680750542213,4.95138964163464,6.74289121924502,7.36473851452782,7.34774148028422,5.10138704928463,5.71291169604694,healthy
